Type,Name,Request Count,Failure Count,Median Response Time,Average Response Time,Min Response Time,Max Response Time,Average Content Size,Requests/s,Failures/s,50%,66%,75%,80%,90%,95%,98%,99%,99.9%,99.99%,100%
POST,/api/token/,60,0,320.0,333.6368851174484,97.90905399131589,662.9199640010484,438.0,0.2001132046232237,0.0,330,370,410,450,520,550,550,660,660,660,660
GET,/api/v1/screenings,37223,0,860.0,998.3028908838356,3.836803007288836,4019.9347999878228,278.0,124.14689692817093,0.0,860,1300,1600,1800,2100,2200,2400,2700,3700,3900,4000
GET,/api/v1/seats/,2398,239,1900.0,2015.679665511581,14.773066999623552,6657.696409994969,1912.6313594662217,7.997857744774841,0.7971175984158411,1900,2500,2700,2900,3400,3900,4900,5400,6500,6700,6700
POST,/api/v1/seats/,1162,146,1300.0,1266.893577608441,7.140631991205737,4079.8882719973335,199.9053356282272,3.8755257295364323,0.4869421312498443,1300,1700,1900,2000,2200,2400,2700,3200,4000,4100,4100
GET,/api/v1/seats/1/,1080,4,1100.0,1133.0979849278451,4.529196987277828,4042.1518469956936,199.94074074074075,3.6020376832180268,0.013340880308214913,1100,1500,1800,1900,2100,2300,2500,2700,3600,4000,4000
,Aggregated,41923,389,930.0,1066.4628657127569,3.836803007288836,6657.696409994969,367.5545643203015,139.82243129032346,1.2974006099739004,930,1300,1700,1900,2100,2400,2800,3400,5000,6400,6700
